var,mean,sd,state
mu_b0,0.064,0.121,
a_offset[0],0.947,1.674,Pennsylvania
a_offset[1],-0.102,1.687,Wisconsin
a_offset[2],0.505,1.681,Michigan
a_offset[3],2.496,1.715,Georgia
a_offset[4],1.748,1.719,North Carolina
a_offset[5],2.107,1.719,Arizona
a_offset[6],0.867,1.784,Nevada
a_offset[7],5.023,1.958,Florida
a_offset[8],-1.668,1.947,Virginia
a_offset[9],5.882,2.067,Texas
a_offset[10],6.616,2.217,Ohio
a_offset[11],-2.741,2.214,Minnesota
a_offset[12],-14.225,2.769,California
a_offset[13],-2.339,2.361,New Hampshire
a_offset[14],-18.5,3.087,Maryland
a_offset[15],12.34,2.894,Montana
a_offset[16],-3.473,2.615,New Mexico
a_offset[17],-10.506,2.916,Washington
a_offset[18],-4.215,2.757,NE-2
a_offset[19],-7.817,2.825,New York
a_offset[20],15.139,3.281,Utah
a_offset[21],12.388,2.979,Nebraska
a_offset[22],-17.263,3.459,Massachusetts
a_offset[23],9.582,3.03,Missouri
a_offset[24],2.105,3.15,ME-2
a_offset[25],-9.704,3.378,Rhode Island
a_offset[26],-14.305,3.557,ME-1
a_offset[27],-5.732,3.258,Maine
a_offset[28],6.478,3.12,Alaska
a_offset[29],10.016,3.425,Indiana
a_offset[30],16.023,3.71,Tennessee
a_offset[31],-3.925,3.835,Oregon
a_offset[32],-6.115,3.903,Colorado
a_offset[33],-21.408,4.829,Vermont
a_offset[34],-6.936,4.388,Illinois
a_offset[35],3.812,4.386,Iowa
a_offset[36],8.93,4.25,South Carolina
a_offset[37],11.985,4.409,North Dakota
a_offset[38],-9.798,4.211,Delaware
a_offset[39],13.938,5.678,West Virginia
a_offset[40],8.306,5.483,Arkansas
a_offset[41],8.553,5.579,Oklahoma
a_offset[42],-7.253,5.456,Connecticut
a_offset[43],-3.692,5.43,New Jersey
Live Phone,0.047,0.031,
Online Panel,0.024,0.031,
Other,0.043,0.029,
month,-0.005,0.003,
rep_poll,0.02,0.026,
sample_size,-0.0,0.01,
MultiCandidate,-0.011,0.012,
lv,0.049,0.038,
rv,0.046,0.038,
grade,-0.006,0.015,
phi,104.624,0.968,
sigma_b0,0.031,0.004,
A[0],60.199,2.648,
A[1],54.384,2.688,
A[2],58.623,1.88,
A[3],57.512,1.623,
A[4],54.429,1.04,
A[5],54.733,1.038,
A[6],53.149,1.022,
A[7],53.439,1.069,
A[8],53.503,0.983,
A[9],52.665,1.013,
A[10],54.492,1.043,
A[11],54.796,1.04,
A[12],53.212,1.022,
A[13],53.502,1.071,
A[14],53.566,0.987,
A[15],52.728,1.017,
A[16],41.339,1.511,
A[17],56.516,1.273,
A[18],52.918,0.817,
A[19],53.558,0.921,
A[20],54.156,0.88,
A[21],52.856,0.932,
A[22],53.845,0.892,
A[23],52.08,0.866,
A[24],56.764,1.33,
A[25],53.17,0.841,
A[26],53.48,0.824,
A[27],51.913,0.8,
A[28],52.259,0.881,
A[29],52.903,0.862,
A[30],52.238,0.778,
A[31],51.428,0.799,
A[32],48.982,1.338,
A[33],51.852,0.826,
A[34],52.405,0.746,
A[35],52.468,0.719,
A[36],50.367,1.096,
A[37],50.429,1.085,
A[38],52.106,0.756,
A[39],52.169,0.734,
A[40],50.068,1.113,
A[41],50.131,1.104,
A[42],53.619,0.739,
A[43],42.855,1.759,
A[44],55.637,0.944,
A[45],50.184,1.047,
A[46],53.594,0.764,
A[47],53.678,0.751,
A[48],53.295,0.776,
A[49],53.379,0.767,
A[50],53.663,0.79,
A[51],53.733,0.777,
A[52],53.365,0.8,
A[53],53.434,0.791,
A[54],50.273,1.047,
A[55],50.353,1.044,
A[56],49.975,1.065,
A[57],50.054,1.064,
A[58],50.347,1.068,
A[59],50.418,1.066,
A[60],50.048,1.084,
A[61],50.119,1.084,
A[62],52.381,0.665,
A[63],52.319,0.796,
A[64],53.309,0.739,
A[65],52.219,0.774,
A[66],51.862,0.806,
A[67],52.081,0.712,
A[68],51.731,0.755,
A[69],51.248,0.749,
A[70],45.477,1.831,
A[71],49.439,1.537,
A[72],53.677,0.804,
A[73],53.452,0.831,
A[74],52.18,0.816,
A[75],52.538,0.792,
A[76],51.698,0.808,
A[77],52.451,0.689,
A[78],53.12,0.815,
A[79],52.87,0.868,
A[80],53.712,0.766,
A[81],53.414,0.781,
A[82],52.69,0.811,
A[83],53.246,0.758,
A[84],53.556,0.759,
A[85],51.967,0.739,
A[86],51.47,0.729,
A[87],52.306,0.685,
A[88],52.947,0.765,
A[89],53.258,0.772,
A[90],51.668,0.752,
A[91],51.171,0.745,
A[92],52.007,0.696,
A[93],46.607,2.317,
A[94],46.902,2.327,
A[95],48.973,1.517,
A[96],49.271,1.532,
A[97],48.602,1.468,
A[98],52.742,0.789,
A[99],55.057,0.966,
A[100],52.896,0.781,
A[101],51.463,0.747,
A[102],48.882,1.298,
A[103],51.77,0.841,
A[104],52.436,0.801,
A[105],51.734,0.717,
A[106],50.973,0.752,
A[107],52.041,0.833,
A[108],43.226,1.782,
A[109],52.566,0.974,
A[110],52.318,0.686,
A[111],52.019,0.697,
A[112],48.98,1.316,
A[113],51.124,0.756,
A[114],51.423,0.739,
A[115],51.965,0.699,
A[116],52.263,0.686,
A[117],49.016,1.365,
A[118],49.314,1.354,
A[119],51.619,0.762,
A[120],51.918,0.748,
A[121],53.625,0.773,
A[122],40.12,1.354,
A[123],39.883,1.356,
A[124],55.643,0.945,
A[125],52.129,0.693,
A[126],39.93,1.343,
A[127],52.61,0.802,
A[128],52.922,0.795,
A[129],51.355,0.767,
A[130],51.702,0.862,
A[131],52.345,0.826,
A[132],51.682,0.743,
A[133],50.869,0.767,
A[134],52.909,0.813,
A[135],53.221,0.799,
A[136],51.653,0.774,
A[137],52.001,0.863,
A[138],52.644,0.834,
A[139],51.981,0.752,
A[140],51.168,0.771,
A[141],53.447,0.83,
A[142],52.517,0.785,
A[143],53.747,0.835,
A[144],48.773,2.906,
A[145],48.477,2.906,
A[146],49.644,1.513,
A[147],49.346,1.489,
A[148],52.388,0.707,
A[149],53.56,0.819,
A[150],52.282,0.798,
A[151],52.571,0.868,
A[152],52.633,0.782,
A[153],51.795,0.795,
A[154],56.916,1.309,
A[155],57.212,1.295,
A[156],53.617,0.739,
A[157],52.985,0.879,
A[158],52.686,0.907,
A[159],52.256,0.75,
A[160],45.292,1.821,
A[161],45.0,1.827,
A[162],52.599,0.776,
A[163],54.834,0.946,
A[164],52.779,0.767,
A[165],51.273,0.729,
A[166],48.739,1.292,
A[167],51.632,0.834,
A[168],48.159,1.749,
A[169],52.277,0.787,
A[170],51.63,0.712,
A[171],50.827,0.739,
A[172],51.333,0.725,
A[173],51.414,0.701,
A[174],51.034,0.739,
A[175],51.115,0.72,
A[176],61.225,1.625,
A[177],60.935,1.639,
A[178],51.351,0.724,
A[179],53.63,0.866,
A[180],53.928,0.869,
A[181],53.512,0.856,
A[182],52.639,0.771,
A[183],51.901,0.708,
A[184],51.414,0.701,
A[185],52.575,0.909,
A[186],53.499,0.969,
A[187],52.511,1.041,
A[188],53.214,0.999,
A[189],51.984,0.799,
A[190],51.487,0.78,
A[191],52.318,0.75,
A[192],52.047,0.767,
A[193],51.55,0.752,
A[194],52.38,0.72,
A[195],51.685,0.806,
A[196],51.189,0.79,
A[197],52.019,0.756,
A[198],51.748,0.779,
A[199],51.252,0.767,
A[200],52.082,0.731,
A[201],52.035,0.833,
A[202],40.132,2.223,
A[203],53.031,2.264,
A[204],40.415,2.221,
A[205],53.329,2.242,
A[206],51.414,0.793,
A[207],51.764,0.774,
A[208],50.927,0.791,
A[209],51.115,0.802,
A[210],51.465,0.78,
A[211],50.628,0.802,
A[212],55.383,0.998,
A[213],55.169,1.245,
A[214],55.368,0.976,
A[215],55.386,0.963,
A[216],55.452,0.94,
A[217],55.088,0.963,
A[218],55.154,0.944,
A[219],52.966,0.756,
A[220],53.283,0.774,
A[221],51.694,0.739,
A[222],51.984,0.823,
A[223],52.685,0.785,
A[224],52.043,0.706,
A[225],51.207,0.738,
A[226],53.264,0.749,
A[227],53.582,0.762,
A[228],51.993,0.726,
A[229],52.282,0.805,
A[230],52.984,0.776,
A[231],52.342,0.696,
A[232],51.506,0.723,
A[233],60.978,1.64,
A[234],39.685,1.611,
A[235],51.838,0.821,
A[236],52.137,0.805,
A[237],51.862,0.69,
A[238],53.567,0.954,
A[239],51.807,0.776,
A[240],52.106,0.782,
A[241],53.455,0.971,
A[242],54.487,1.133,
A[243],60.496,1.677,
A[244],50.965,0.77,
A[245],51.037,0.736,
A[246],50.667,0.766,
A[247],50.738,0.736,
A[248],52.205,0.655,
A[249],51.906,0.671,
A[250],42.841,1.763,
A[251],52.251,0.658,
A[252],51.953,0.672,
A[253],51.432,1.045,
A[254],53.249,0.812,
A[255],53.564,0.828,
A[256],52.966,0.854,
A[257],52.26,0.872,
A[258],53.312,0.784,
A[259],53.626,0.8,
A[260],53.029,0.821,
A[261],52.323,0.844,
A[262],52.95,0.815,
A[263],53.265,0.836,
A[264],52.667,0.859,
A[265],51.961,0.885,
A[266],53.013,0.791,
A[267],53.328,0.812,
A[268],52.73,0.83,
A[269],52.024,0.862,
A[270],52.27,0.663,
A[271],51.924,0.708,
A[272],53.525,0.739,
A[273],53.202,0.732,
A[274],52.914,0.758,
A[275],51.437,0.703,
A[276],52.218,0.791,
A[277],52.593,0.775,
A[278],54.76,0.952,
A[279],52.881,0.766,
A[280],51.329,0.738,
A[281],48.753,1.294,
A[282],51.617,0.83,
A[283],48.168,1.75,
A[284],52.303,0.791,
A[285],51.611,0.708,
A[286],50.856,0.748,
A[287],51.634,1.17,
A[288],52.815,0.759,
A[289],52.903,0.741,
A[290],51.957,1.178,
A[291],53.126,0.768,
A[292],53.226,0.754,
A[293],50.357,1.142,
A[294],51.537,0.746,
A[295],51.625,0.723,
A[296],50.651,1.205,
A[297],51.826,0.83,
A[298],51.92,0.811,
A[299],51.346,1.19,
A[300],52.527,0.792,
A[301],52.615,0.768,
A[302],50.703,1.124,
A[303],51.887,0.691,
A[304],51.971,0.675,
A[305],49.871,1.14,
A[306],51.05,0.737,
A[307],51.138,0.72,
A[308],39.371,1.452,
A[309],48.573,1.471,
A[310],52.251,0.658,
A[311],47.868,1.862,
A[312],50.189,1.033,
A[313],49.891,1.052,
A[314],53.086,0.79,
A[315],51.807,0.776,
A[316],52.798,0.834,
A[317],52.158,0.749,
A[318],51.32,0.773,
A[319],53.384,0.801,
A[320],52.106,0.782,
A[321],53.096,0.842,
A[322],52.457,0.758,
A[323],51.619,0.777,
A[324],47.927,1.545,
A[325],48.223,1.561,
A[326],33.765,3.11,
A[327],34.026,3.131,
A[328],45.495,2.352,
A[329],39.015,2.206,
A[330],51.847,2.264,
A[331],45.788,2.363,
A[332],39.298,2.204,
A[333],52.148,2.243,
A[334],55.268,1.143,
A[335],44.281,1.86,
A[336],48.076,1.914,
A[337],52.275,0.833,
A[338],62.766,1.964,
A[339],63.052,1.962,
A[340],51.228,0.942,
A[341],55.76,1.362,
A[342],58.115,2.085,
A[343],52.364,0.8,
A[344],48.618,1.786,
A[345],48.321,1.775,
A[346],50.176,1.32,
A[347],52.223,1.016,
A[348],52.306,0.973,
A[349],39.845,1.334,
A[350],51.455,0.775,
A[351],51.579,0.734,
A[352],51.157,0.768,
A[353],51.28,0.729,
A[354],56.004,1.184,
A[355],56.301,1.188,
A[356],55.297,0.999,
A[357],55.594,1.015,
A[358],52.575,0.828,
A[359],52.276,0.835,
A[360],37.161,1.364,
A[361],37.435,1.364,
A[362],52.969,1.03,
A[363],53.368,0.844,
A[364],52.092,0.896,
A[365],50.878,0.953,
A[366],52.768,0.766,
A[367],53.067,0.76,
A[368],53.079,0.771,
A[369],53.377,0.759,
A[370],51.776,0.841,
A[371],52.074,0.823,
A[372],52.483,0.799,
A[373],52.782,0.791,
A[374],58.613,2.09,
A[375],53.198,0.732,
A[376],53.49,0.733,
A[377],51.901,0.708,
A[378],52.216,0.655,
A[379],52.104,0.812,
A[380],52.897,0.756,
A[381],51.402,0.702,
A[382],51.854,0.789,
A[383],52.204,0.771,
A[384],51.367,0.787,
A[385],52.153,0.796,
A[386],52.503,0.781,
A[387],51.666,0.792,
A[388],54.848,0.974,
A[389],54.96,0.946,
A[390],53.912,0.929,
A[391],53.614,0.954,
A[392],54.223,0.933,
A[393],53.924,0.963,
A[394],53.625,0.958,
A[395],53.326,0.984,
A[396],52.985,0.879,
A[397],52.686,0.907,
A[398],52.147,0.904,
A[399],51.849,0.936,
A[400],52.481,0.796,
A[401],52.779,0.809,
A[402],52.55,0.768,
A[403],52.849,0.777,
A[404],52.792,0.79,
A[405],53.091,0.797,
A[406],52.87,0.764,
A[407],53.169,0.767,
A[408],51.226,0.763,
A[409],51.525,0.771,
A[410],51.301,0.732,
A[411],51.6,0.737,
A[412],51.574,0.861,
A[413],51.873,0.864,
A[414],51.645,0.838,
A[415],51.944,0.837,
A[416],52.217,0.82,
A[417],52.516,0.831,
A[418],52.293,0.789,
A[419],52.592,0.797,
A[420],51.553,0.738,
A[421],51.852,0.749,
A[422],51.626,0.711,
A[423],51.925,0.718,
A[424],50.74,0.761,
A[425],51.038,0.768,
A[426],50.815,0.736,
A[427],51.113,0.739,
A[428],56.341,1.166,
A[429],63.132,2.398,
A[430],44.969,3.214,
A[431],51.911,0.83,
A[432],52.21,0.837,
A[433],52.608,0.779,
A[434],54.863,0.949,
A[435],52.879,0.765,
A[436],51.275,0.729,
A[437],48.765,1.296,
A[438],51.628,0.833,
A[439],48.16,1.749,
A[440],52.254,0.786,
A[441],51.554,0.708,
A[442],50.809,0.735,
A[443],62.717,4.368,
A[444],51.923,0.793,
A[445],52.222,0.794,
A[446],48.856,1.312,
A[447],52.035,0.918,
A[448],52.521,0.935,
A[449],52.873,0.877,
A[450],52.891,0.756,
A[451],53.49,0.733,
A[452],52.19,0.791,
A[453],53.179,0.731,
A[454],51.868,1.011,
A[455],54.487,1.133,
A[456],55.169,1.245,
A[457],61.153,1.923,
A[458],48.137,1.872,
A[459],39.536,1.481,
A[460],56.729,1.397,
A[461],37.33,1.385,
A[462],52.564,0.771,
A[463],51.911,0.83,
A[464],51.791,1.004,
A[465],52.117,1.014,
A[466],50.508,0.978,
A[467],50.816,1.058,
A[468],50.839,0.957,
A[469],49.959,0.996,
A[470],58.09,4.29,
A[471],51.672,0.731,
A[472],51.996,0.683,
A[473],51.181,0.728,
A[474],61.316,1.62,
A[475],57.153,2.329,
A[476],52.205,0.781,
A[477],51.862,0.818,
A[478],51.374,0.806,
A[479],52.857,0.876,
A[480],53.453,0.838,
A[481],53.145,0.83,
A[482],52.159,0.891,
A[483],40.209,1.39,
A[484],55.375,0.953,
A[485],56.049,1.094,
A[486],56.616,1.2,
A[487],55.243,1.155,
A[488],55.541,1.145,
A[489],52.601,0.814,
A[490],52.679,0.776,
A[491],52.302,0.8,
A[492],52.381,0.766,
A[493],51.213,0.762,
A[494],51.563,0.722,
A[495],50.756,0.756,
A[496],51.723,0.824,
A[497],52.724,0.789,
A[498],52.804,0.76,
A[499],53.334,0.768,
A[500],53.415,0.748,
A[501],50.559,1.198,
A[502],49.723,1.199,
A[503],50.208,1.197,
A[504],51.754,0.727,
A[505],50.917,0.758,
A[506],51.404,0.756,
A[507],50.26,1.17,
A[508],49.425,1.174,
A[509],49.91,1.17,
A[510],51.456,0.74,
A[511],50.618,0.775,
A[512],51.105,0.772,
A[513],52.296,0.798,
A[514],52.691,0.776,
A[515],46.254,2.844,
A[516],54.489,1.331,
A[517],52.884,0.79,
A[518],36.76,1.336,
A[519],51.303,0.769,
A[520],48.916,1.295,
A[521],51.791,0.833,
A[522],52.293,0.822,
A[523],56.14,1.241,
A[524],51.528,0.815,
A[525],55.228,1.369,
A[526],49.683,1.064,
A[527],50.987,0.74,
A[528],53.127,0.813,
A[529],52.535,0.833,
A[530],53.425,0.801,
A[531],52.833,0.825,
A[532],49.689,1.05,
A[533],49.987,1.031,
A[534],49.626,1.06,
A[535],49.924,1.044,
A[536],52.423,0.766,
A[537],54.591,0.967,
A[538],52.782,0.775,
A[539],51.194,0.736,
A[540],48.592,1.29,
A[541],51.45,0.825,
A[542],48.024,1.746,
A[543],52.198,0.796,
A[544],51.487,0.708,
A[545],50.691,0.736,
A[546],51.9,0.782,
A[547],51.416,0.774,
A[548],52.26,0.745,
A[549],52.337,0.996,
A[550],48.47,1.322,
A[551],49.686,1.058,
A[552],51.217,0.727,
A[553],51.299,0.702,
A[554],50.918,0.738,
A[555],51.0,0.717,
A[556],51.771,0.708,
A[557],51.818,0.713,
A[558],59.638,2.362,
A[559],49.15,1.396,
A[560],57.902,4.275,
A[561],51.823,0.715,
A[562],51.524,0.726,
A[563],52.792,1.024,
A[564],56.09,1.221,
A[565],48.371,1.473,
A[566],55.802,2.229,
A[567],58.737,2.077,
A[568],53.38,0.969,
A[569],52.386,0.793,
A[570],51.284,0.701,
A[571],53.67,0.938,
A[572],48.755,1.791,
A[573],54.279,3.387,
A[574],52.683,1.005,
A[575],48.371,1.473,
A[576],52.122,0.659,
A[577],53.978,0.938,
A[578],37.013,1.331,
A[579],58.984,2.05,
A[580],59.289,2.324,
A[581],51.997,0.747,
A[582],53.108,0.74,
A[583],58.989,2.1,
A[584],43.244,1.785,
A[585],39.873,1.353,
A[586],53.119,0.815,
A[587],49.015,1.227,
A[588],51.295,0.823,
A[589],51.594,0.829,
A[590],51.804,0.752,
A[591],51.552,0.783,
A[592],51.026,0.78,
A[593],52.102,0.74,
A[594],51.851,0.771,
A[595],51.324,0.765,
A[596],42.345,2.323,
A[597],36.687,1.971,
A[598],47.88,1.531,
A[599],46.01,2.324,
A[600],39.774,2.213,
A[601],52.648,2.285,
A[602],36.082,1.583,
A[603],51.776,0.668,
A[604],52.075,0.655,
A[605],51.739,0.692,
A[606],38.823,1.398,
A[607],51.858,0.752,
A[608],51.964,0.692,
A[609],51.102,0.76,
A[610],51.193,0.72,
A[611],51.596,0.771,
A[612],51.693,0.723,
A[613],53.034,0.73,
A[614],53.32,0.733,
A[615],51.754,0.709,
A[616],52.038,0.795,
A[617],52.103,0.656,
A[618],52.715,0.759,
A[619],51.238,0.705,
A[620],52.098,0.756,
A[621],52.16,0.721,
A[622],51.799,0.762,
A[623],51.862,0.732,
A[624],52.51,0.769,
A[625],44.816,1.807,
A[626],45.108,1.802,
A[627],52.967,0.845,
A[628],52.7,0.776,
A[629],46.25,2.843,
A[630],54.544,1.263,
A[631],52.897,0.784,
A[632],36.773,1.338,
A[633],51.32,0.761,
A[634],48.912,1.294,
A[635],51.801,0.836,
A[636],52.306,0.816,
A[637],56.156,1.237,
A[638],51.563,0.784,
A[639],55.28,1.315,
A[640],49.677,1.064,
A[641],50.995,0.743,
A[642],52.905,0.802,
A[643],53.017,0.765,
A[644],52.606,0.794,
A[645],52.718,0.76,
A[646],48.585,1.387,
A[647],49.905,1.081,
A[648],48.882,1.413,
A[649],50.203,1.077,
A[650],61.524,1.891,
A[651],51.823,0.67,
A[652],52.122,0.659,
A[653],39.249,1.453,
A[654],37.658,1.993,
A[655],37.934,2.011,
A[656],53.111,0.817,
A[657],53.174,0.785,
A[658],52.813,0.818,
A[659],52.876,0.79,
A[660],53.429,0.835,
A[661],53.492,0.803,
A[662],53.131,0.841,
A[663],53.193,0.814,
A[664],52.831,0.859,
A[665],52.894,0.823,
A[666],52.532,0.861,
A[667],52.595,0.829,
A[668],49.285,1.356,
A[669],55.67,1.099,
A[670],50.986,0.717,
A[671],51.284,0.701,
A[672],52.418,0.765,
A[673],54.559,0.979,
A[674],52.669,0.761,
A[675],51.092,0.732,
A[676],48.572,1.288,
A[677],51.46,0.826,
A[678],52.111,0.783,
A[679],51.421,0.705,
A[680],50.697,0.737,
A[681],60.734,1.656,
A[682],45.319,4.168,
A[683],43.396,2.259,
A[684],48.14,1.774,
A[685],51.647,0.785,
A[686],52.205,0.826,
A[687],43.77,3.141,
A[688],43.685,2.252,
A[689],52.086,0.793,
A[690],51.995,0.819,
A[691],51.787,0.811,
A[692],51.696,0.833,
A[693],56.162,1.224,
A[694],54.87,1.034,
A[695],52.85,0.822,
A[696],52.251,0.832,
A[697],61.255,1.892,
A[698],52.308,0.746,
A[699],55.04,1.241,
A[700],52.682,0.747,
A[701],52.996,0.752,
A[702],51.399,0.736,
A[703],51.706,0.821,
A[704],52.395,0.776,
A[705],56.279,1.226,
A[706],51.749,0.672,
A[707],50.935,0.723,
A[708],52.981,0.738,
A[709],53.295,0.737,
A[710],51.698,0.721,
A[711],52.005,0.801,
A[712],52.693,0.765,
A[713],56.576,1.199,
A[714],52.047,0.658,
A[715],51.233,0.706,
A[716],51.413,1.177,
A[717],51.727,1.18,
A[718],50.132,1.153,
A[719],50.438,1.215,
A[720],51.126,1.197,
A[721],55.015,1.503,
A[722],50.48,1.124,
A[723],49.668,1.145,
A[724],52.619,0.771,
A[725],52.934,0.776,
A[726],51.337,0.764,
A[727],51.643,0.843,
A[728],52.332,0.804,
A[729],56.217,1.258,
A[730],51.686,0.697,
A[731],50.872,0.745,
A[732],52.668,0.834,
A[733],52.967,0.845,
A[734],52.126,0.66,
A[735],52.145,0.666,
A[736],46.74,2.855,
A[737],52.717,0.814,
A[738],36.715,1.343,
A[739],36.987,1.334,
A[740],36.658,1.356,
A[741],36.93,1.349,
A[742],52.844,0.801,
A[743],52.942,0.753,
A[744],53.153,0.795,
A[745],53.263,0.745,
A[746],52.534,0.846,
A[747],52.634,0.79,
A[748],56.025,1.089,
A[749],50.021,1.029,
A[750],51.099,0.938,
A[751],51.013,0.77,
A[752],51.329,0.737,
A[753],50.793,0.755,
A[754],51.605,0.865,
A[755],51.74,0.824,
A[756],51.306,0.864,
A[757],51.441,0.824,
A[758],52.637,0.766,
A[759],52.76,0.737,
A[760],52.936,0.762,
A[761],53.058,0.73,
A[762],52.951,0.772,
A[763],53.084,0.751,
A[764],53.25,0.762,
A[765],53.382,0.738,
A[766],52.135,1.076,
A[767],52.311,0.799,
A[768],52.61,0.813,
A[769],52.619,0.793,
A[770],52.918,0.801,
A[771],51.052,0.765,
A[772],51.351,0.775,
A[773],51.416,0.859,
A[774],51.715,0.863,
A[775],52.044,0.82,
A[776],52.342,0.832,
A[777],51.38,0.737,
A[778],51.678,0.75,
A[779],50.576,0.761,
A[780],50.875,0.769,
A[781],52.386,0.765,
A[782],52.685,0.776,
A[783],52.7,0.759,
A[784],52.999,0.764,
A[785],51.137,0.727,
A[786],51.436,0.734,
A[787],51.492,0.832,
A[788],51.791,0.833,
A[789],52.121,0.782,
A[790],52.42,0.791,
A[791],51.458,0.704,
A[792],51.757,0.712,
A[793],50.654,0.73,
A[794],50.952,0.734,
A[795],45.109,1.802,
A[796],52.925,0.798,
A[797],48.725,1.311,
A[798],52.127,0.783,
A[799],52.433,0.767,
A[800],47.718,1.861,
A[801],52.466,0.764,
A[802],52.356,0.798,
A[803],52.765,0.755,
A[804],52.655,0.792,
A[805],51.829,0.671,
A[806],51.709,0.693,
A[807],52.128,0.661,
A[808],52.008,0.685,
A[809],51.839,0.804,
A[810],51.54,0.81,
A[811],51.902,0.768,
A[812],51.603,0.779,
A[813],56.716,1.264,
A[814],56.419,1.284,
A[815],56.779,1.226,
A[816],56.482,1.249,
A[817],51.354,0.786,
A[818],51.055,0.794,
A[819],51.417,0.754,
A[820],51.118,0.767,
A[821],48.071,1.862,
A[822],47.775,1.861,
A[823],48.134,1.846,
A[824],47.837,1.848,
A[825],42.936,3.106,
A[826],52.717,0.739,
A[827],53.016,0.731,
A[828],52.969,0.76,
A[829],53.268,0.744,
A[830],51.445,0.724,
A[831],51.744,0.71,
A[832],51.748,0.812,
A[833],52.047,0.794,
A[834],52.376,0.783,
A[835],52.675,0.771,
A[836],51.596,0.762,
A[837],51.895,0.745,
A[838],50.921,0.727,
A[839],51.22,0.71,
A[840],55.583,1.012,
A[841],55.174,1.011,
A[842],55.867,1.185,
A[843],55.472,1.028,
A[844],56.164,1.19,
A[845],52.742,0.876,
A[846],50.262,0.942,
A[847],39.734,1.333,
A[848],52.415,0.77,
A[849],59.381,2.325,
A[850],52.214,0.782,
A[851],43.822,2.266,
A[852],55.199,2.295,
A[853],52.028,0.752,
A[854],52.327,0.763,
A[855],52.715,0.759,
A[856],52.652,0.792,
A[857],52.001,0.96,
A[858],52.589,0.988,
A[859],52.352,0.904,
A[860],51.514,0.947,
A[861],61.366,1.738,
A[862],55.631,1.358,
A[863],58.329,2.409,
A[864],44.155,1.855,
A[865],53.05,0.73,
A[866],52.061,0.793,
A[867],52.762,0.755,
A[868],53.361,0.734,
A[869],53.133,0.813,
A[870],52.532,0.834,
A[871],53.432,0.8,
A[872],52.83,0.826,
A[873],55.573,1.132,
A[874],51.28,0.754,
A[875],61.104,3.236,
A[876],52.75,0.755,
A[877],53.022,0.73,
A[878],52.075,0.655,
A[879],51.907,0.915,
A[880],52.842,0.757,
A[881],53.153,0.775,
A[882],51.562,0.738,
A[883],52.152,0.808,
A[884],52.554,0.783,
A[885],51.899,0.698,
A[886],51.076,0.736,
A[887],53.141,0.753,
A[888],53.451,0.764,
A[889],51.861,0.728,
A[890],52.152,0.808,
A[891],52.853,0.776,
A[892],52.198,0.69,
A[893],51.375,0.724,
A[894],55.011,3.378,
A[895],58.427,3.272,
A[896],52.392,0.933,
A[897],55.444,0.993,
A[898],60.916,3.236,
A[899],50.087,1.008,
A[900],50.17,0.955,
A[901],49.789,1.018,
A[902],49.871,0.97,
A[903],48.466,1.322,
A[904],49.683,1.058,
A[905],60.684,1.946,
A[906],53.382,0.861,
A[907],54.892,0.998,
A[908],52.809,0.872,
A[909],47.263,4.285,
A[910],52.201,0.826,
A[911],52.317,0.802,
A[912],51.793,0.709,
A[913],51.494,0.721,
A[914],48.274,1.479,
A[915],56.112,1.217,
A[916],52.37,0.916,
A[917],56.514,1.29,
A[918],52.272,0.795,
A[919],44.717,3.216,
A[920],51.609,1.007,
A[921],54.229,1.144,
A[922],52.43,0.803,
A[923],52.343,0.781,
A[924],54.117,1.262,
A[925],51.902,1.466,
A[926],50.999,0.733,
A[927],48.479,1.295,
A[928],51.363,0.841,
A[929],52.009,0.787,
A[930],50.223,2.174,
A[931],50.583,0.748,
A[932],50.01,1.086,
A[933],51.653,0.844,
A[934],37.7,2.009,
A[935],55.395,1.014,
A[936],55.097,1.01,
A[937],56.077,1.153,
A[938],55.78,1.159,
A[939],51.441,0.848,
A[940],52.97,1.035,
A[941],55.866,1.125,
A[942],55.937,1.102,
A[943],52.059,0.688,
A[944],51.76,0.694,
A[945],51.229,0.779,
A[946],51.58,0.768,
A[947],50.743,0.781,
A[948],52.931,0.852,
A[949],53.23,0.867,
A[950],61.274,1.894,
A[951],51.993,0.669,
A[952],53.625,0.928,
A[953],51.897,0.984,
A[954],36.746,1.34,
A[955],51.399,0.795,
A[956],51.655,0.767,
A[957],50.897,0.785,
A[958],51.698,0.785,
A[959],51.954,0.757,
A[960],51.196,0.772,
A[961],52.844,0.758,
A[962],53.155,0.776,
A[963],51.565,0.739,
A[964],51.853,0.824,
A[965],52.556,0.784,
A[966],51.915,0.707,
A[967],51.077,0.737,
A[968],53.143,0.754,
A[969],53.454,0.766,
A[970],51.864,0.729,
A[971],52.152,0.809,
A[972],52.855,0.777,
A[973],52.213,0.7,
A[974],51.376,0.724,
A[975],51.178,0.711,
A[976],63.503,1.953,
A[977],53.851,0.943,
A[978],51.937,0.664,
A[979],51.639,0.674,
A[980],52.874,0.739,
A[981],53.185,0.742,
A[982],51.607,0.718,
A[983],51.908,0.803,
A[984],52.586,0.765,
A[985],51.946,0.663,
A[986],51.109,0.712,
A[987],55.144,0.963,
A[988],55.045,1.0,
A[989],55.738,1.121,
A[990],55.842,1.091,
A[991],56.294,1.254,
A[992],56.399,1.206,
A[993],56.474,1.202,
A[994],56.412,1.239,
A[995],55.332,1.044,
A[996],55.034,1.038,
A[997],56.014,1.181,
A[998],55.717,1.184,
A[999],61.092,1.638,
A[1000],60.801,1.647,
A[1001],61.153,1.623,
A[1002],60.863,1.634,
A[1003],51.389,0.757,
A[1004],39.317,1.457,
A[1005],53.449,0.929,
A[1006],53.76,0.931,
A[1007],52.171,0.919,
A[1008],52.46,0.992,
A[1009],53.161,0.942,
A[1010],52.521,0.863,
A[1011],51.684,0.902,
A[1012],51.529,0.761,
A[1013],51.656,0.726,
A[1014],51.23,0.747,
A[1015],51.357,0.714,
A[1016],51.642,0.716,
A[1017],51.155,0.709,
A[1018],61.207,1.895,
A[1019],52.606,0.773,
A[1020],52.916,0.789,
A[1021],51.327,0.761,
A[1022],52.318,0.804,
A[1023],51.616,0.845,
A[1024],51.678,0.718,
A[1025],50.84,0.751,
A[1026],52.904,0.774,
A[1027],53.215,0.785,
A[1028],51.626,0.757,
A[1029],52.616,0.803,
A[1030],51.915,0.835,
A[1031],51.977,0.716,
A[1032],51.139,0.745,
A[1033],61.631,1.946,
A[1034],53.781,1.019,
A[1035],54.092,1.036,
A[1036],52.503,1.013,
A[1037],52.792,1.08,
A[1038],52.854,0.979,
A[1039],52.016,0.993,
A[1040],57.859,2.083,
A[1041],39.128,1.457,
A[1042],50.619,0.951,
A[1043],48.035,1.466,
A[1044],52.642,0.779,
A[1045],51.38,0.721,
A[1046],52.021,0.766,
A[1047],51.722,0.768,
A[1048],52.084,0.729,
A[1049],51.785,0.735,
A[1050],53.023,0.793,
A[1051],52.724,0.796,
A[1052],52.96,0.829,
A[1053],52.661,0.827,
A[1054],55.394,1.014,
A[1055],51.852,0.747,
A[1056],52.753,0.794,
A[1057],41.951,1.805,
A[1058],53.54,0.942,
A[1059],55.018,1.135,
A[1060],55.867,1.168,
A[1061],35.958,2.08,
A[1062],51.702,1.006,
A[1063],51.602,0.681,
A[1064],51.25,0.819,
A[1065],63.578,2.403,
A[1066],63.689,2.392,
A[1067],51.901,0.669,
A[1068],35.987,1.416,
A[1069],51.549,0.787,
A[1070],51.847,0.797,
A[1071],41.765,2.364,
A[1072],53.253,0.971,
A[1073],52.551,1.011,
A[1074],53.169,0.774,
A[1075],51.653,0.844,
A[1076],56.165,2.225,
A[1077],56.461,2.216,
A[1078],63.244,1.951,
A[1079],62.958,1.959,
A[1080],63.171,1.945,
A[1081],62.885,1.952,
A[1082],42.481,1.756,
A[1083],40.045,1.379,
A[1084],52.206,0.778,
A[1085],54.568,0.961,
A[1086],52.635,0.777,
A[1087],51.035,0.736,
A[1088],48.48,1.296,
A[1089],51.288,0.831,
A[1090],47.927,1.75,
A[1091],52.04,0.793,
A[1092],51.16,0.764,
A[1093],50.558,0.741,
A[1094],52.914,0.845,
A[1095],52.384,0.843,
A[1096],53.212,0.833,
A[1097],52.683,0.836,
A[1098],51.2,0.74,
A[1099],48.623,1.576,
A[1100],54.911,1.243,
A[1101],62.884,2.402,
A[1102],36.876,1.987,
A[1103],51.393,0.732,
A[1104],51.691,0.724,
A[1105],52.619,0.789,
A[1106],52.848,0.772,
A[1107],36.674,1.342,
A[1108],51.245,0.747,
A[1109],51.666,0.845,
A[1110],52.233,0.801,
A[1111],56.084,1.229,
A[1112],51.518,0.737,
A[1113],55.307,1.19,
A[1114],50.883,0.757,
A[1115],50.664,0.759,
A[1116],43.18,1.778,
A[1117],52.38,0.774,
A[1118],51.15,0.759,
A[1119],52.278,0.838,
A[1120],43.142,1.777,
A[1121],48.281,2.905,
A[1122],55.073,1.133,
A[1123],54.76,1.009,
A[1124],57.352,3.305,
A[1125],52.208,0.999,
A[1126],52.956,0.758,
A[1127],51.194,0.767,
A[1128],51.545,0.749,
A[1129],50.708,0.768,
A[1130],51.194,0.767,
A[1131],51.545,0.749,
A[1132],50.708,0.768,
A[1133],52.779,0.812,
A[1134],52.893,0.775,
A[1135],52.481,0.803,
A[1136],52.594,0.767,
B[0],44.425,2.644,
B[1],50.24,2.667,
B[2],46.001,1.88,
B[3],47.113,1.585,
B[4],50.195,1.034,
B[5],49.891,1.03,
B[6],51.475,1.018,
B[7],51.185,1.082,
B[8],51.121,1.01,
B[9],51.959,1.029,
B[10],50.132,1.041,
B[11],49.828,1.036,
B[12],51.413,1.022,
B[13],51.122,1.087,
B[14],51.058,1.018,
B[15],51.896,1.037,
B[16],63.285,1.58,
B[17],48.108,1.228,
B[18],51.706,0.859,
B[19],51.067,0.909,
B[20],50.468,0.878,
B[21],51.768,0.955,
B[22],50.779,0.894,
B[23],52.544,0.894,
B[24],47.86,1.324,
B[25],51.455,0.822,
B[26],51.144,0.8,
B[27],52.712,0.782,
B[28],52.366,0.882,
B[29],51.721,0.826,
B[30],52.386,0.801,
B[31],53.196,0.806,
B[32],55.643,1.381,
B[33],52.772,0.826,
B[34],52.219,0.783,
B[35],52.156,0.762,
B[36],54.258,1.143,
B[37],54.195,1.136,
B[38],52.518,0.794,
B[39],52.455,0.779,
B[40],54.556,1.161,
B[41],54.493,1.156,
B[42],51.005,0.738,
B[43],61.77,1.83,
B[44],48.988,0.946,
B[45],54.44,1.103,
B[46],51.031,0.756,
B[47],50.947,0.747,
B[48],51.329,0.771,
B[49],51.245,0.766,
B[50],50.961,0.778,
B[51],50.891,0.77,
B[52],51.26,0.791,
B[53],51.19,0.787,
B[54],54.351,1.1,
B[55],54.272,1.1,
B[56],54.65,1.119,
B[57],54.57,1.121,
B[58],54.278,1.117,
B[59],54.207,1.118,
B[60],54.576,1.134,
B[61],54.505,1.138,
B[62],52.243,0.717,
B[63],52.305,0.823,
B[64],51.316,0.742,
B[65],52.406,0.792,
B[66],52.762,0.785,
B[67],52.544,0.754,
B[68],52.893,0.755,
B[69],53.376,0.776,
B[70],59.147,1.887,
B[71],55.185,1.486,
B[72],50.948,0.8,
B[73],51.172,0.804,
B[74],52.444,0.791,
B[75],52.086,0.805,
B[76],52.927,0.809,
B[77],52.174,0.734,
B[78],51.504,0.792,
B[79],51.754,0.829,
B[80],50.912,0.76,
B[81],51.21,0.777,
B[82],51.934,0.824,
B[83],51.378,0.756,
B[84],51.068,0.753,
B[85],52.657,0.74,
B[86],53.154,0.758,
B[87],52.318,0.73,
B[88],51.677,0.766,
B[89],51.367,0.769,
B[90],52.956,0.756,
B[91],53.453,0.776,
B[92],52.617,0.743,
B[93],58.017,2.324,
B[94],57.722,2.333,
B[95],55.651,1.485,
B[96],55.353,1.498,
B[97],56.022,1.428,
B[98],51.883,0.772,
B[99],49.567,0.953,
B[100],51.728,0.769,
B[101],53.162,0.732,
B[102],55.742,1.323,
B[103],52.855,0.848,
B[104],52.188,0.768,
B[105],52.89,0.749,
B[106],53.651,0.765,
B[107],52.584,0.812,
B[108],61.398,1.842,
B[109],52.058,0.995,
B[110],52.306,0.73,
B[111],52.605,0.743,
B[112],55.644,1.354,
B[113],53.5,0.789,
B[114],53.201,0.77,
B[115],52.66,0.749,
B[116],52.361,0.734,
B[117],55.608,1.401,
B[118],55.311,1.388,
B[119],53.005,0.769,
B[120],52.706,0.752,
B[121],50.999,0.763,
B[122],64.505,1.434,
B[123],64.741,1.444,
B[124],48.982,0.947,
B[125],52.496,0.742,
B[126],64.694,1.431,
B[127],52.014,0.784,
B[128],51.702,0.773,
B[129],53.27,0.751,
B[130],52.922,0.865,
B[131],52.279,0.791,
B[132],52.942,0.768,
B[133],53.755,0.777,
B[134],51.715,0.792,
B[135],51.403,0.775,
B[136],52.971,0.754,
B[137],52.623,0.863,
B[138],51.98,0.797,
B[139],52.643,0.774,
B[140],53.456,0.778,
B[141],51.178,0.803,
B[142],52.107,0.799,
B[143],50.877,0.805,
B[144],55.851,2.866,
B[145],56.147,2.867,
B[146],54.98,1.462,
B[147],55.278,1.439,
B[148],52.236,0.746,
B[149],51.064,0.795,
B[150],52.342,0.776,
B[151],52.053,0.868,
B[152],51.992,0.799,
B[153],52.829,0.799,
B[154],47.708,1.282,
B[155],47.412,1.266,
B[156],51.008,0.738,
B[157],51.639,0.921,
B[158],51.938,0.951,
B[159],52.368,0.788,
B[160],59.332,1.878,
B[161],59.625,1.886,
B[162],52.025,0.759,
B[163],49.79,0.936,
B[164],51.845,0.754,
B[165],53.351,0.718,
B[166],55.885,1.317,
B[167],52.992,0.841,
B[168],56.466,1.765,
B[169],52.348,0.755,
B[170],52.994,0.742,
B[171],53.798,0.753,
B[172],53.291,0.754,
B[173],53.211,0.736,
B[174],53.59,0.77,
B[175],53.509,0.757,
B[176],43.399,1.606,
B[177],43.689,1.621,
B[178],53.273,0.752,
B[179],50.995,0.839,
B[180],50.696,0.84,
B[181],51.113,0.828,
B[182],51.985,0.757,
B[183],52.723,0.714,
B[184],53.21,0.736,
B[185],52.049,0.958,
B[186],51.125,0.982,
B[187],52.113,1.072,
B[188],51.411,0.999,
B[189],52.64,0.791,
B[190],53.137,0.799,
B[191],52.307,0.783,
B[192],52.577,0.764,
B[193],53.074,0.777,
B[194],52.244,0.76,
B[195],52.939,0.802,
B[196],53.436,0.811,
B[197],52.605,0.792,
B[198],52.876,0.779,
B[199],53.373,0.794,
B[200],52.543,0.773,
B[201],52.59,0.822,
B[202],64.492,2.263,
B[203],51.594,2.279,
B[204],64.21,2.26,
B[205],51.295,2.256,
B[206],53.211,0.794,
B[207],52.86,0.814,
B[208],53.698,0.817,
B[209],53.509,0.805,
B[210],53.159,0.822,
B[211],53.996,0.83,
B[212],49.241,0.994,
B[213],49.455,1.198,
B[214],49.256,0.961,
B[215],49.238,0.964,
B[216],49.172,0.945,
B[217],49.536,0.966,
B[218],49.47,0.951,
B[219],51.659,0.756,
B[220],51.341,0.771,
B[221],52.93,0.742,
B[222],52.641,0.846,
B[223],51.939,0.768,
B[224],52.581,0.752,
B[225],53.417,0.768,
B[226],51.36,0.747,
B[227],51.042,0.755,
B[228],52.632,0.727,
B[229],52.342,0.827,
B[230],51.64,0.756,
B[231],52.282,0.739,
B[232],53.118,0.751,
B[233],43.646,1.617,
B[234],64.939,1.694,
B[235],52.786,0.872,
B[236],52.487,0.854,
B[237],52.763,0.738,
B[238],51.057,0.964,
B[239],52.817,0.758,
B[240],52.518,0.762,
B[241],51.169,0.997,
B[242],50.137,1.142,
B[243],44.128,1.656,
B[244],53.659,0.781,
B[245],53.587,0.753,
B[246],53.958,0.78,
B[247],53.886,0.756,
B[248],52.419,0.71,
B[249],52.718,0.727,
B[250],61.784,1.831,
B[251],52.373,0.71,
B[252],52.672,0.725,
B[253],53.193,1.088,
B[254],51.375,0.803,
B[255],51.061,0.815,
B[256],51.658,0.829,
B[257],52.364,0.886,
B[258],51.312,0.779,
B[259],50.998,0.791,
B[260],51.595,0.8,
B[261],52.302,0.863,
B[262],51.674,0.808,
B[263],51.359,0.826,
B[264],51.957,0.836,
B[265],52.663,0.901,
B[266],51.611,0.789,
B[267],51.297,0.807,
B[268],51.894,0.812,
B[269],52.6,0.883,
B[270],52.354,0.713,
B[271],52.701,0.713,
B[272],51.1,0.736,
B[273],51.422,0.734,
B[274],51.71,0.742,
B[275],53.187,0.736,
B[276],52.406,0.817,
B[277],52.031,0.758,
B[278],49.865,0.946,
B[279],51.744,0.747,
B[280],53.295,0.723,
B[281],55.871,1.318,
B[282],53.007,0.838,
B[283],56.456,1.766,
B[284],52.321,0.758,
B[285],53.013,0.74,
B[286],53.768,0.76,
B[287],52.99,1.168,
B[288],51.809,0.759,
B[289],51.721,0.745,
B[290],52.668,1.173,
B[291],51.498,0.764,
B[292],51.398,0.753,
B[293],54.268,1.141,
B[294],53.088,0.75,
B[295],52.999,0.731,
B[296],53.973,1.219,
B[297],52.799,0.854,
B[298],52.705,0.839,
B[299],53.278,1.177,
B[300],52.097,0.776,
B[301],52.009,0.755,
B[302],53.921,1.151,
B[303],52.737,0.738,
B[304],52.653,0.727,
B[305],54.753,1.158,
B[306],53.575,0.768,
B[307],53.486,0.756,
B[308],65.254,1.529,
B[309],56.051,1.428,
B[310],52.373,0.71,
B[311],56.756,1.89,
B[312],54.435,1.09,
B[313],54.733,1.111,
B[314],51.539,0.769,
B[315],52.817,0.758,
B[316],51.827,0.799,
B[317],52.466,0.772,
B[318],53.304,0.782,
B[319],51.24,0.778,
B[320],52.518,0.762,
B[321],51.528,0.805,
B[322],52.168,0.777,
B[323],53.005,0.783,
B[324],56.698,1.515,
B[325],56.401,1.531,
B[326],70.859,3.215,
B[327],70.598,3.234,
B[328],59.13,2.362,
B[329],65.609,2.25,
B[330],52.778,2.283,
B[331],58.836,2.372,
B[332],65.327,2.247,
B[333],52.477,2.261,
B[334],49.357,1.094,
B[335],60.343,1.92,
B[336],56.548,1.931,
B[337],52.349,0.822,
B[338],41.858,1.907,
B[339],41.572,1.904,
B[340],53.396,0.987,
B[341],48.864,1.359,
B[342],46.509,2.043,
B[343],52.26,0.792,
B[344],56.007,1.809,
B[345],56.304,1.8,
B[346],54.449,1.382,
B[347],52.402,1.072,
B[348],52.318,1.034,
B[349],64.78,1.42,
B[350],53.169,0.759,
B[351],53.046,0.719,
B[352],53.468,0.756,
B[353],53.344,0.718,
B[354],48.621,1.108,
B[355],48.323,1.111,
B[356],49.328,0.981,
B[357],49.03,0.995,
B[358],52.05,0.832,
B[359],52.348,0.841,
B[360],67.464,1.466,
B[361],67.19,1.465,
B[362],51.655,1.043,
B[363],51.256,0.815,
B[364],52.533,0.892,
B[365],53.746,0.967,
B[366],51.856,0.769,
B[367],51.558,0.76,
B[368],51.546,0.771,
B[369],51.247,0.755,
B[370],52.849,0.867,
B[371],52.55,0.848,
B[372],52.141,0.785,
B[373],51.842,0.774,
B[374],46.011,2.046,
B[375],51.426,0.733,
B[376],51.134,0.732,
B[377],52.723,0.714,
B[378],52.408,0.709,
B[379],52.52,0.843,
B[380],51.727,0.741,
B[381],53.222,0.737,
B[382],52.77,0.769,
B[383],52.42,0.79,
B[384],53.257,0.794,
B[385],52.472,0.773,
B[386],52.121,0.797,
B[387],52.959,0.796,
B[388],49.776,0.963,
B[389],49.664,0.937,
B[390],50.712,0.934,
B[391],51.01,0.962,
B[392],50.401,0.936,
B[393],50.7,0.968,
B[394],51.0,0.95,
B[395],51.298,0.978,
B[396],51.639,0.921,
B[397],51.938,0.951,
B[398],52.477,0.935,
B[399],52.776,0.968,
B[400],52.144,0.777,
B[401],51.845,0.788,
B[402],52.074,0.754,
B[403],51.775,0.761,
B[404],51.832,0.768,
B[405],51.533,0.772,
B[406],51.754,0.745,
B[407],51.455,0.745,
B[408],53.398,0.745,
B[409],53.099,0.751,
B[410],53.323,0.718,
B[411],53.025,0.721,
B[412],53.05,0.863,
B[413],52.751,0.863,
B[414],52.979,0.844,
B[415],52.681,0.841,
B[416],52.407,0.784,
B[417],52.108,0.793,
B[418],52.332,0.756,
B[419],52.033,0.762,
B[420],53.071,0.763,
B[421],52.772,0.771,
B[422],52.998,0.742,
B[423],52.699,0.746,
B[424],53.885,0.771,
B[425],53.586,0.774,
B[426],53.809,0.751,
B[427],53.511,0.75,
B[428],48.283,1.166,
B[429],41.493,2.358,
B[430],59.655,3.234,
B[431],52.713,0.808,
B[432],52.414,0.812,
B[433],52.017,0.761,
B[434],49.761,0.938,
B[435],51.745,0.746,
B[436],53.349,0.718,
B[437],55.859,1.32,
B[438],52.997,0.84,
B[439],56.465,1.765,
B[440],52.371,0.755,
B[441],53.071,0.743,
B[442],53.815,0.75,
B[443],41.907,4.361,
B[444],52.701,0.827,
B[445],52.402,0.826,
B[446],55.768,1.349,
B[447],52.589,0.953,
B[448],52.104,0.949,
B[449],51.751,0.926,
B[450],51.733,0.742,
B[451],51.134,0.732,
B[452],52.434,0.818,
B[453],51.445,0.733,
B[454],52.756,1.009,
B[455],50.137,1.142,
B[456],49.455,1.198,
B[457],43.471,1.875,
B[458],56.488,1.897,
B[459],65.088,1.568,
B[460],47.896,1.406,
B[461],67.294,1.483,
B[462],52.06,0.761,
B[463],52.713,0.808,
B[464],52.833,1.019,
B[465],52.507,1.025,
B[466],54.117,0.996,
B[467],53.809,1.091,
B[468],53.785,1.008,
B[469],54.665,1.037,
B[470],46.534,4.298,
B[471],52.952,0.736,
B[472],52.628,0.733,
B[473],53.444,0.761,
B[474],43.309,1.599,
B[475],47.472,2.304,
B[476],52.42,0.798,
B[477],52.762,0.796,
B[478],53.25,0.81,
B[479],51.768,0.837,
B[480],51.171,0.81,
B[481],51.48,0.805,
B[482],52.465,0.89,
B[483],64.416,1.465,
B[484],49.249,0.955,
B[485],48.575,1.032,
B[486],48.009,1.191,
B[487],49.381,1.102,
B[488],49.083,1.089,
B[489],52.023,0.796,
B[490],51.945,0.762,
B[491],52.322,0.785,
B[492],52.244,0.754,
B[493],53.412,0.776,
B[494],53.061,0.777,
B[495],53.868,0.794,
B[496],52.901,0.824,
B[497],51.9,0.768,
B[498],51.82,0.743,
B[499],51.291,0.759,
B[500],51.209,0.743,
B[501],54.066,1.223,
B[502],54.902,1.215,
B[503],54.416,1.196,
B[504],52.87,0.778,
B[505],53.707,0.794,
B[506],53.22,0.767,
B[507],54.364,1.197,
B[508],55.2,1.192,
B[509],54.714,1.171,
B[510],53.169,0.794,
B[511],54.006,0.814,
B[512],53.519,0.785,
B[513],52.328,0.786,
B[514],51.934,0.76,
B[515],58.371,2.891,
B[516],50.135,1.341,
B[517],51.74,0.778,
B[518],67.864,1.444,
B[519],53.321,0.764,
B[520],55.708,1.317,
B[521],52.833,0.838,
B[522],52.331,0.798,
B[523],48.484,1.226,
B[524],53.097,0.853,
B[525],49.396,1.326,
B[526],54.941,1.109,
B[527],53.638,0.751,
B[528],51.498,0.811,
B[529],52.09,0.819,
B[530],51.199,0.796,
B[531],51.791,0.807,
B[532],54.935,1.111,
B[533],54.637,1.091,
B[534],54.998,1.117,
B[535],54.7,1.1,
B[536],52.201,0.751,
B[537],50.033,0.963,
B[538],51.843,0.754,
B[539],53.431,0.721,
B[540],56.032,1.315,
B[541],53.175,0.835,
B[542],56.601,1.762,
B[543],52.426,0.762,
B[544],53.137,0.739,
B[545],53.934,0.75,
B[546],52.725,0.766,
B[547],53.208,0.785,
B[548],52.364,0.769,
B[549],52.287,1.003,
B[550],56.154,1.366,
B[551],54.938,1.113,
B[552],53.408,0.756,
B[553],53.325,0.736,
B[554],53.706,0.769,
B[555],53.624,0.753,
B[556],52.853,0.714,
B[557],52.806,0.717,
B[558],44.987,2.381,
B[559],55.474,1.424,
B[560],46.722,4.27,
B[561],52.802,0.717,
B[562],53.1,0.731,
B[563],51.832,1.04,
B[564],48.535,1.145,
B[565],56.253,1.437,
B[566],48.822,2.19,
B[567],45.887,2.031,
B[568],51.244,0.966,
B[569],52.239,0.762,
B[570],53.34,0.736,
B[571],50.955,0.949,
B[572],55.869,1.812,
B[573],50.346,3.414,
B[574],51.942,1.034,
B[575],56.253,1.437,
B[576],52.502,0.71,
B[577],50.646,0.946,
B[578],67.611,1.451,
B[579],45.64,2.003,
B[580],45.335,2.355,
B[581],52.627,0.785,
B[582],51.516,0.739,
B[583],45.635,2.045,
B[584],61.38,1.84,
B[585],64.751,1.433,
B[586],51.505,0.813,
B[587],55.609,1.283,
B[588],53.329,0.825,
B[589],53.031,0.829,
B[590],52.821,0.802,
B[591],53.072,0.786,
B[592],53.598,0.812,
B[593],52.522,0.787,
B[594],52.773,0.772,
B[595],53.3,0.795,
B[596],62.279,2.39,
B[597],67.938,2.026,
B[598],56.744,1.498,
B[599],58.614,2.33,
B[600],64.85,2.251,
B[601],51.977,2.298,
B[602],68.542,1.67,
B[603],52.848,0.724,
B[604],52.55,0.71,
B[605],52.885,0.739,
B[606],65.801,1.484,
B[607],52.766,0.804,
B[608],52.66,0.75,
B[609],53.522,0.794,
B[610],53.432,0.759,
B[611],53.028,0.778,
B[612],52.932,0.734,
B[613],51.59,0.733,
B[614],51.304,0.734,
B[615],52.87,0.716,
B[616],52.586,0.823,
B[617],52.521,0.709,
B[618],51.909,0.747,
B[619],53.386,0.742,
B[620],52.527,0.794,
B[621],52.464,0.766,
B[622],52.825,0.802,
B[623],52.763,0.779,
B[624],52.115,0.754,
B[625],59.809,1.867,
B[626],59.516,1.861,
B[627],51.657,0.807,
B[628],51.925,0.76,
B[629],58.374,2.891,
B[630],50.08,1.27,
B[631],51.727,0.771,
B[632],67.851,1.445,
B[633],53.304,0.754,
B[634],55.712,1.317,
B[635],52.824,0.841,
B[636],52.318,0.791,
B[637],48.468,1.22,
B[638],53.061,0.822,
B[639],49.344,1.268,
B[640],54.947,1.109,
B[641],53.629,0.753,
B[642],51.72,0.78,
B[643],51.608,0.745,
B[644],52.018,0.775,
B[645],51.906,0.742,
B[646],56.04,1.417,
B[647],54.719,1.122,
B[648],55.742,1.441,
B[649],54.421,1.117,
B[650],43.1,1.831,
B[651],52.801,0.723,
B[652],52.502,0.71,
B[653],65.375,1.53,
B[654],66.966,2.043,
B[655],66.691,2.059,
B[656],51.513,0.808,
B[657],51.45,0.781,
B[658],51.812,0.811,
B[659],51.749,0.788,
B[660],51.195,0.821,
B[661],51.132,0.794,
B[662],51.494,0.83,
B[663],51.431,0.808,
B[664],51.794,0.834,
B[665],51.731,0.802,
B[666],52.092,0.839,
B[667],52.03,0.811,
B[668],55.339,1.387,
B[669],48.955,1.044,
B[670],53.638,0.753,
B[671],53.34,0.736,
B[672],52.206,0.751,
B[673],50.065,0.977,
B[674],51.955,0.747,
B[675],53.532,0.723,
B[676],56.052,1.315,
B[677],53.164,0.835,
B[678],52.513,0.753,
B[679],53.204,0.74,
B[680],53.928,0.751,
B[681],43.89,1.636,
B[682],59.305,4.194,
B[683],61.229,2.323,
B[684],56.484,1.8,
B[685],52.978,0.783,
B[686],52.42,0.811,
B[687],60.855,3.121,
B[688],60.939,2.316,
B[689],52.539,0.819,
B[690],52.629,0.841,
B[691],52.837,0.839,
B[692],52.928,0.857,
B[693],48.462,1.217,
B[694],49.755,1.033,
B[695],51.774,0.817,
B[696],52.373,0.815,
B[697],43.369,1.841,
B[698],52.316,0.781,
B[699],49.584,1.194,
B[700],51.942,0.757,
B[701],51.628,0.758,
B[702],53.225,0.75,
B[703],52.918,0.853,
B[704],52.23,0.768,
B[705],48.345,1.22,
B[706],52.876,0.73,
B[707],53.69,0.763,
B[708],51.644,0.745,
B[709],51.329,0.739,
B[710],52.926,0.732,
B[711],52.619,0.831,
B[712],51.931,0.754,
B[713],48.048,1.191,
B[714],52.577,0.714,
B[715],53.391,0.744,
B[716],53.212,1.178,
B[717],52.897,1.179,
B[718],54.493,1.156,
B[719],54.186,1.232,
B[720],53.499,1.188,
B[721],49.61,1.494,
B[722],54.144,1.155,
B[723],54.956,1.166,
B[724],52.005,0.775,
B[725],51.691,0.776,
B[726],53.288,0.771,
B[727],52.981,0.87,
B[728],52.293,0.792,
B[729],48.407,1.249,
B[730],52.938,0.747,
B[731],53.752,0.778,
B[732],51.956,0.799,
B[733],51.657,0.807,
B[734],52.498,0.711,
B[735],52.479,0.715,
B[736],57.884,2.901,
B[737],51.907,0.825,
B[738],67.909,1.464,
B[739],67.637,1.454,
B[740],67.966,1.473,
B[741],67.694,1.465,
B[742],51.781,0.806,
B[743],51.682,0.762,
B[744],51.471,0.797,
B[745],51.361,0.75,
B[746],52.09,0.837,
B[747],51.99,0.783,
B[748],48.599,1.029,
B[749],54.603,1.088,
B[750],53.525,0.983,
B[751],53.611,0.78,
B[752],53.295,0.79,
B[753],53.831,0.791,
B[754],53.019,0.871,
B[755],52.885,0.832,
B[756],53.318,0.872,
B[757],53.183,0.835,
B[758],51.987,0.769,
B[759],51.865,0.742,
B[760],51.689,0.762,
B[761],51.566,0.732,
B[762],51.673,0.771,
B[763],51.541,0.751,
B[764],51.374,0.758,
B[765],51.242,0.735,
B[766],52.489,1.119,
B[767],52.313,0.783,
B[768],52.014,0.794,
B[769],52.005,0.773,
B[770],51.706,0.778,
B[771],53.572,0.75,
B[772],53.273,0.757,
B[773],53.208,0.862,
B[774],52.91,0.864,
B[775],52.581,0.786,
B[776],52.282,0.796,
B[777],53.245,0.765,
B[778],52.946,0.774,
B[779],54.048,0.773,
B[780],53.75,0.778,
B[781],52.238,0.753,
B[782],51.94,0.761,
B[783],51.925,0.743,
B[784],51.626,0.744,
B[785],53.487,0.716,
B[786],53.189,0.719,
B[787],53.132,0.84,
B[788],52.833,0.838,
B[789],52.504,0.752,
B[790],52.205,0.758,
B[791],53.166,0.737,
B[792],52.867,0.742,
B[793],53.971,0.747,
B[794],53.672,0.748,
B[795],59.515,1.861,
B[796],51.699,0.793,
B[797],55.9,1.348,
B[798],52.498,0.752,
B[799],52.192,0.757,
B[800],56.906,1.89,
B[801],52.158,0.752,
B[802],52.269,0.784,
B[803],51.859,0.74,
B[804],51.97,0.775,
B[805],52.795,0.724,
B[806],52.915,0.742,
B[807],52.496,0.711,
B[808],52.617,0.732,
B[809],52.785,0.798,
B[810],53.084,0.806,
B[811],52.723,0.767,
B[812],53.021,0.78,
B[813],47.908,1.246,
B[814],48.205,1.268,
B[815],47.846,1.21,
B[816],48.142,1.236,
B[817],53.271,0.804,
B[818],53.569,0.815,
B[819],53.208,0.779,
B[820],53.506,0.794,
B[821],56.553,1.885,
B[822],56.849,1.886,
B[823],56.49,1.871,
B[824],56.787,1.874,
B[825],61.688,3.095,
B[826],51.907,0.746,
B[827],51.608,0.736,
B[828],51.656,0.767,
B[829],51.357,0.748,
B[830],53.179,0.734,
B[831],52.88,0.718,
B[832],52.876,0.842,
B[833],52.577,0.821,
B[834],52.248,0.776,
B[835],51.949,0.762,
B[836],53.028,0.822,
B[837],52.729,0.803,
B[838],53.703,0.767,
B[839],53.404,0.748,
B[840],49.041,0.994,
B[841],49.45,0.992,
B[842],48.757,1.109,
B[843],49.152,1.008,
B[844],48.46,1.114,
B[845],51.883,0.925,
B[846],54.362,0.977,
B[847],64.89,1.419,
B[848],52.209,0.761,
B[849],45.243,2.355,
B[850],52.41,0.799,
B[851],60.802,2.322,
B[852],49.425,2.262,
B[853],52.596,0.774,
B[854],52.297,0.782,
B[855],51.909,0.747,
B[856],51.972,0.776,
B[857],52.623,0.991,
B[858],52.035,1.032,
B[859],52.272,0.968,
B[860],53.11,0.999,
B[861],43.258,1.733,
B[862],48.993,1.355,
B[863],46.296,2.442,
B[864],60.47,1.915,
B[865],51.574,0.732,
B[866],52.564,0.82,
B[867],51.862,0.74,
B[868],51.264,0.733,
B[869],51.491,0.81,
B[870],52.093,0.819,
B[871],51.193,0.795,
B[872],51.794,0.808,
B[873],49.052,1.075,
B[874],53.345,0.764,
B[875],43.52,3.233,
B[876],51.874,0.741,
B[877],51.602,0.735,
B[878],52.549,0.709,
B[879],52.718,0.951,
B[880],51.782,0.757,
B[881],51.472,0.771,
B[882],53.062,0.741,
B[883],52.473,0.83,
B[884],52.07,0.766,
B[885],52.725,0.745,
B[886],53.548,0.767,
B[887],51.483,0.75,
B[888],51.173,0.758,
B[889],52.763,0.728,
B[890],52.473,0.83,
B[891],51.772,0.756,
B[892],52.426,0.734,
B[893],53.249,0.752,
B[894],49.614,3.413,
B[895],46.198,3.249,
B[896],52.232,0.946,
B[897],49.18,0.981,
B[898],43.709,3.231,
B[899],54.537,1.041,
B[900],54.455,0.994,
B[901],54.835,1.054,
B[902],54.753,1.01,
B[903],56.158,1.366,
B[904],54.941,1.113,
B[905],43.94,1.897,
B[906],51.242,0.833,
B[907],49.732,1.003,
B[908],51.815,0.917,
B[909],57.362,4.315,
B[910],52.423,0.812,
B[911],52.308,0.79,
B[912],52.832,0.714,
B[913],53.13,0.729,
B[914],56.35,1.442,
B[915],48.513,1.211,
B[916],52.254,0.912,
B[917],48.111,1.242,
B[918],52.352,0.784,
B[919],59.907,3.236,
B[920],53.015,1.004,
B[921],50.396,1.153,
B[922],52.194,0.809,
B[923],52.281,0.763,
B[924],50.507,1.271,
B[925],52.723,1.478,
B[926],53.626,0.722,
B[927],56.146,1.32,
B[928],53.261,0.847,
B[929],52.615,0.756,
B[930],54.401,2.208,
B[931],54.041,0.76,
B[932],54.614,1.138,
B[933],52.972,0.822,
B[934],66.925,2.054,
B[935],49.229,1.009,
B[936],49.527,1.008,
B[937],48.547,1.087,
B[938],48.845,1.096,
B[939],53.183,0.876,
B[940],51.654,1.061,
B[941],48.758,1.061,
B[942],48.687,1.04,
B[943],52.565,0.731,
B[944],52.864,0.74,
B[945],53.395,0.784,
B[946],53.044,0.811,
B[947],53.882,0.811,
B[948],51.693,0.826,
B[949],51.394,0.84,
B[950],43.35,1.833,
B[951],52.632,0.719,
B[952],50.999,0.953,
B[953],52.727,0.994,
B[954],67.878,1.46,
B[955],53.225,0.799,
B[956],52.969,0.816,
B[957],53.727,0.816,
B[958],52.926,0.787,
B[959],52.67,0.804,
B[960],53.429,0.801,
B[961],51.78,0.758,
B[962],51.469,0.772,
B[963],53.059,0.742,
B[964],52.771,0.848,
B[965],52.068,0.766,
B[966],52.71,0.752,
B[967],53.547,0.767,
B[968],51.481,0.751,
B[969],51.17,0.759,
B[970],52.76,0.729,
B[971],52.472,0.83,
B[972],51.769,0.757,
B[973],52.411,0.743,
B[974],53.248,0.752,
B[975],53.446,0.743,
B[976],41.122,1.894,
B[977],50.774,0.951,
B[978],52.687,0.718,
B[979],52.986,0.73,
B[980],51.75,0.744,
B[981],51.439,0.743,
B[982],53.017,0.726,
B[983],52.716,0.831,
B[984],52.038,0.752,
B[985],52.678,0.717,
B[986],53.516,0.748,
B[987],49.481,0.97,
B[988],49.579,1.004,
B[989],48.887,1.062,
B[990],48.783,1.032,
B[991],48.331,1.246,
B[992],48.225,1.2,
B[993],48.15,1.193,
B[994],48.213,1.227,
B[995],49.292,1.036,
B[996],49.59,1.031,
B[997],48.61,1.114,
B[998],48.907,1.119,
B[999],43.532,1.612,
B[1000],43.823,1.621,
B[1001],43.471,1.599,
B[1002],43.762,1.611,
B[1003],53.235,0.804,
B[1004],65.307,1.545,
B[1005],51.175,0.956,
B[1006],50.865,0.955,
B[1007],52.454,0.949,
B[1008],52.164,1.036,
B[1009],51.463,0.954,
B[1010],52.103,0.928,
B[1011],52.941,0.954,
B[1012],53.095,0.786,
B[1013],52.968,0.753,
B[1014],53.394,0.775,
B[1015],53.267,0.745,
B[1016],52.982,0.722,
B[1017],53.469,0.742,
B[1018],43.417,1.837,
B[1019],52.019,0.769,
B[1020],51.708,0.783,
B[1021],53.297,0.761,
B[1022],52.307,0.784,
B[1023],53.008,0.865,
B[1024],52.947,0.759,
B[1025],53.784,0.778,
B[1026],51.72,0.768,
B[1027],51.409,0.775,
B[1028],52.998,0.754,
B[1029],52.008,0.781,
B[1030],52.709,0.853,
B[1031],52.648,0.755,
B[1032],53.485,0.769,
B[1033],42.993,1.909,
B[1034],50.843,1.018,
B[1035],50.533,1.032,
B[1036],52.121,1.015,
B[1037],51.832,1.098,
B[1038],51.77,1.011,
B[1039],52.608,1.015,
B[1040],46.765,2.04,
B[1041],65.496,1.533,
B[1042],54.005,0.964,
B[1043],56.589,1.504,
B[1044],51.983,0.758,
B[1045],53.245,0.749,
B[1046],52.604,0.8,
B[1047],52.902,0.805,
B[1048],52.541,0.77,
B[1049],52.84,0.779,
B[1050],51.601,0.789,
B[1051],51.9,0.795,
B[1052],51.664,0.82,
B[1053],51.963,0.822,
B[1054],49.23,1.009,
B[1055],52.772,0.772,
B[1056],51.871,0.796,
B[1057],62.673,1.877,
B[1058],51.084,0.953,
B[1059],49.606,1.085,
B[1060],48.757,1.17,
B[1061],68.666,2.126,
B[1062],52.923,1.036,
B[1063],53.022,0.738,
B[1064],53.374,0.822,
B[1065],41.046,2.353,
B[1066],40.935,2.342,
B[1067],52.723,0.725,
B[1068],68.637,1.533,
B[1069],53.076,0.769,
B[1070],52.777,0.777,
B[1071],62.859,2.423,
B[1072],51.371,0.968,
B[1073],52.073,1.04,
B[1074],51.456,0.767,
B[1075],52.972,0.822,
B[1076],48.46,2.185,
B[1077],48.163,2.175,
B[1078],41.38,1.9,
B[1079],41.666,1.91,
B[1080],41.454,1.893,
B[1081],41.74,1.901,
B[1082],62.143,1.827,
B[1083],64.579,1.456,
B[1084],52.418,0.768,
B[1085],50.056,0.952,
B[1086],51.99,0.756,
B[1087],53.589,0.723,
B[1088],56.144,1.32,
B[1089],53.336,0.842,
B[1090],56.697,1.765,
B[1091],52.584,0.759,
B[1092],53.464,0.804,
B[1093],54.066,0.754,
B[1094],51.711,0.848,
B[1095],52.24,0.829,
B[1096],51.412,0.833,
B[1097],51.941,0.82,
B[1098],53.425,0.793,
B[1099],56.001,1.53,
B[1100],49.713,1.195,
B[1101],41.74,2.361,
B[1102],67.748,2.039,
B[1103],53.232,0.738,
B[1104],52.933,0.726,
B[1105],52.005,0.771,
B[1106],51.776,0.754,
B[1107],67.95,1.449,
B[1108],53.38,0.736,
B[1109],52.958,0.849,
B[1110],52.391,0.772,
B[1111],48.54,1.21,
B[1112],53.106,0.772,
B[1113],49.317,1.132,
B[1114],53.741,0.766,
B[1115],53.96,0.795,
B[1116],61.444,1.835,
B[1117],52.244,0.759,
B[1118],53.474,0.769,
B[1119],52.346,0.852,
B[1120],61.482,1.835,
B[1121],56.343,2.866,
B[1122],49.551,1.08,
B[1123],49.865,1.013,
B[1124],47.272,3.284,
B[1125],52.416,1.006,
B[1126],51.669,0.758,
B[1127],53.43,0.774,
B[1128],53.079,0.795,
B[1129],53.917,0.801,
B[1130],53.43,0.774,
B[1131],53.079,0.795,
B[1132],53.917,0.801,
B[1133],51.845,0.79,
B[1134],51.732,0.754,
B[1135],52.144,0.783,
B[1136],52.031,0.749,
